timestamp,open,high,low,close,volume
2019-07-21,10529.0,10655.0,10330.0,10594.5,93.89585
2019-07-22,10594.5,10688.5,10078.0,10323.5,1052.05
2019-07-23,10324.0,10330.5,9806.0,9843.5,48692.3151
2019-07-24,9840.5,9919.5,9515.5,9770.5,3.8693
2019-07-25,9770.5,10187.5,9740.0,9882.5,1901.6497
2019-07-26,9882.5,9919.0,9658.5,9843.5,1100.7072
2019-07-27,9843.5,10293.5,9293.0,9471.5,13043.67935
2019-07-28,9471.5,9590.5,9112.0,9531.5,18125.87385
2019-07-29,9530.5,9717.0,9373.5,9496.0,7831144.72435
2019-07-30,9496.0,9759.5,9385.0,9586.5,11686343.0808
2019-07-31,9586.5,10124.0,9570.0,10094.0,27172637.6421
2019-08-01,10094.0,10489.5,9880.5,10408.5,12613831.0871
2019-08-02,10408.5,10668.5,10334.0,10532.0,2589281.266
2019-08-03,10532.0,10921.0,10513.5,10821.0,2164560.1071
2019-08-04,10821.0,11088.5,10582.5,10979.0,1986631.3888
2019-08-05,10980.0,11959.0,10980.0,11808.0,3449605.22165
2019-08-06,11808.0,12319.0,11208.0,11465.5,6753613.9815
2019-08-07,11465.5,12146.0,11384.0,11972.5,3228327.356
2019-08-08,11972.5,12066.5,11467.0,11985.0,3314324.8357
2019-08-09,11985.0,12036.0,11658.5,11866.5,2085687.6346
2019-08-10,11866.5,11983.0,11192.0,11278.5,1471860.8525
2019-08-11,11278.5,11584.0,11097.0,11538.0,1916731.33595
2019-08-12,11538.0,11557.5,11226.5,11391.0,1284083.7866
2019-08-13,11391.0,11443.0,10748.0,10860.5,1018656.62305
2019-08-14,10860.5,10862.5,9904.5,10022.5,2307936.01975
2019-08-15,10017.5,10446.5,9482.5,10297.5,1022801.2689
2019-08-16,10297.5,10542.5,9752.5,10358.0,2434574.932
2019-08-17,10358.0,10474.5,9990.5,10218.0,1971387.1034
2019-08-18,10218.0,10510.0,10073.0,10318.5,992843.91125
2019-08-19,10318.5,10937.0,10273.0,10924.5,1833660.0072
2019-08-20,10925.5,10955.5,10570.5,10766.0,1243384.16135
2019-08-21,10763.5,10804.0,9853.0,10128.5,1836993.5187
2019-08-22,10127.5,10235.5,9759.0,10112.5,6040662.7432
2019-08-23,10111.5,10466.5,10044.0,10413.0,14467583.58485
2019-08-24,10413.0,10434.5,9891.5,10148.0,960599.83155
2019-08-25,10148.0,10360.0,9911.5,10140.5,1808987.14695
2019-08-26,10138.0,10660.5,10138.0,10363.5,1074158.9419
2019-08-27,10363.5,10379.0,10034.0,10176.0,886634.89615
2019-08-28,10176.0,10281.5,9573.5,9718.5,1651320.4844
2019-08-29,9718.5,9718.5,9326.0,9493.5,953680.4755
2019-08-30,9493.5,9698.0,9359.5,9582.5,1103986.689
2019-08-31,9582.5,9696.5,9452.0,9603.5,134444.43485
2019-09-01,9603.5,9836.5,9546.0,9773.0,113980.43985
2019-09-02,9773.0,10473.5,9755.0,10386.5,942537.9292
2019-09-03,10386.5,10777.0,10294.0,10635.0,2197595.32515
2019-09-04,10635.0,10824.5,10386.5,10583.5,1768738.25775
2019-09-05,10583.5,10662.5,10471.0,10579.5,2233213.0592
2019-09-06,10579.5,10944.5,10208.0,10316.0,1125113.39855
2019-09-07,10316.0,10577.5,10312.5,10487.5,268857.52665
2019-09-08,10487.5,10596.5,10248.5,10409.5,273255.79445
2019-09-09,10409.5,10534.5,10085.0,10308.0,740474.5399
2019-09-10,10308.0,10390.5,9938.5,10099.0,962500.2826
2019-09-11,10103.5,10280.0,9869.0,10161.0,1732057.53125
2019-09-12,10161.0,10466.5,10042.0,10432.0,1838246.8771
2019-09-13,10432.0,10457.5,10169.0,10370.0,2088578.9443
2019-09-14,10370.0,10453.5,10238.0,10358.5,1663790.94335
2019-09-15,10358.5,10378.5,10269.0,10304.5,841305.8328
2019-09-16,10304.5,10374.0,10087.0,10269.0,1652653.99985
2019-09-17,10269.0,10276.5,10131.0,10187.0,1826244.57015
2019-09-18,10187.0,10257.5,10101.0,10154.0,723597.1819
2019-09-19,10154.0,10356.5,9617.0,10268.5,1919401.4374
2019-09-20,10268.5,10306.5,10060.5,10159.0,5300180.50655
2019-09-21,10159.0,10160.5,9919.0,9973.5,763752.57065
2019-09-22,9973.5,10080.0,9850.0,10030.5,12832059.2467
2019-09-23,10031.5,10047.0,9617.0,9689.5,2845281.5267
2019-09-24,9689.5,9774.5,8073.5,8532.5,5643008.08655
2019-09-25,8530.5,8742.5,8241.0,8426.5,3180475.70785
2019-09-26,8426.0,8459.5,7749.0,8067.0,2181038.6481
2019-09-27,8067.0,8289.5,7869.5,8194.5,436615.08265
2019-09-28,8194.5,8335.0,8023.5,8218.5,556108.09625
2019-09-29,8218.5,8241.0,7908.0,8056.5,367449.3363
2019-09-30,8056.5,8348.5,7713.0,8302.0,2870988.27475
2019-10-01,8302.0,8527.5,8199.5,8324.0,1889468.26145
2019-10-02,8324.0,8390.0,8180.5,8383.5,1349196.199
2019-10-03,8383.5,8412.5,8083.5,8247.5,1471752.3093
2019-10-04,8247.5,8250.5,8013.0,8160.0,676164.6105
2019-10-05,8160.0,8201.5,8024.5,8147.0,894435.6509
2019-10-06,8147.0,8169.0,7796.5,7862.5,2565469.43555
2019-10-07,7862.5,8305.0,7772.0,8205.0,2549586.80985
2019-10-08,8205.5,8339.0,8103.0,8174.5,429806.39695
2019-10-09,8175.0,8694.5,8112.5,8585.5,7328756.34405
2019-10-10,8585.5,8649.5,8448.0,8587.5,4353758.382
2019-10-11,8587.5,8804.0,8232.5,8263.5,3509350.57505
2019-10-12,8263.5,8406.0,8255.0,8305.5,259542.3097
2019-10-13,8305.5,8463.5,8161.0,8282.5,1066897.52175
2019-10-14,8282.5,8393.0,8218.0,8354.5,1536262.59455
2019-10-15,8354.5,8415.5,8045.0,8162.5,2288949.7713
2019-10-16,8162.5,8174.0,7914.0,7993.5,692578.8464
2019-10-17,7995.0,8125.5,7936.0,8072.5,1276772.77835
2019-10-18,8072.5,8117.0,7820.5,7952.0,840901.0583
2019-10-19,7952.0,8095.5,7882.5,7962.5,1238491.4692
2019-10-20,7960.5,8309.0,7876.5,8234.0,1985323.35065
2019-10-21,8234.0,8337.0,8155.0,8210.5,814916.61385
2019-10-22,8207.5,8309.0,8002.5,8025.0,4587822.04545
2019-10-23,8024.5,8049.0,7287.0,7470.5,17090108.9203
2019-10-24,7470.0,7511.0,7354.5,7426.0,2288597.133
2019-10-25,7426.0,8715.5,7398.5,8666.5,12874196.69035
2019-10-26,8667.0,9909.5,8646.5,9259.5,4162183.75285
2019-10-27,9260.0,9817.5,9110.0,9553.5,4072214.13815
2019-10-28,9553.0,9940.5,9200.0,9220.5,12953390.91645
2019-10-29,9223.0,9564.5,9106.5,9435.5,15323487.82635
2019-10-30,9435.5,9435.5,8996.5,9168.5,11858382.10535
2019-10-31,9168.5,9431.0,8950.0,9152.5,9832315.5275
2019-11-01,9152.5,9300.5,9053.5,9250.5,6139198.36705
2019-11-02,9250.5,9386.0,9204.0,9300.5,2409110.6458
2019-11-03,9300.5,9376.0,9065.0,9196.0,848307.2757
2019-11-04,9196.0,9580.0,9121.5,9407.5,1999107.90295
2019-11-05,9408.0,9479.0,9178.0,9313.0,2512576.3108
2019-11-06,9310.0,9448.5,9241.5,9335.0,2484380.59
2019-11-07,9336.0,9365.0,9089.0,9202.0,767971.779
2019-11-08,9202.0,9245.0,8648.5,8759.0,1154365.42225
2019-11-09,8759.0,8873.5,8717.5,8805.5,341365.1124
2019-11-10,8805.5,9469.0,8749.0,9028.5,1071666.1692
2019-11-11,9028.5,9064.5,8587.0,8713.0,929528.85415
2019-11-12,8713.0,10000.0,8553.5,8812.0,1086449.01855
2019-11-13,8816.5,8830.5,8699.5,8761.5,1872673.9528
2019-11-14,8761.5,8786.0,8551.5,8628.0,564570.196
2019-11-15,8628.0,8777.5,8368.0,8452.0,1788519.3541
2019-11-16,8452.0,8527.0,8417.5,8480.0,444896.9348
2019-11-17,8480.0,8629.5,8367.5,8499.5,1259737.3753
2019-11-18,8497.5,8497.5,8023.0,8173.0,833862.5227
2019-11-19,8173.0,8200.0,7978.0,8124.0,2628948.18945
2019-11-20,8126.0,8213.5,8036.0,8082.5,2028781.09435
2019-11-21,8082.5,8113.5,7390.0,7616.5,5638297.93455
2019-11-22,7616.5,7732.5,6770.5,7277.5,23173766.9257
2019-11-23,7277.5,7350.5,7102.0,7322.0,1328300.23255
2019-11-24,7322.0,7340.0,6866.0,6902.5,1697998.0234
2019-11-25,6902.5,7375.0,6525.0,7124.5,5413068.63715
2019-11-26,7124.5,7334.0,7020.0,7163.5,1679057.93585
2019-11-27,7163.5,7674.5,6853.0,7525.5,2899815.3906
2019-11-28,7526.0,7653.0,7373.0,7430.5,3039129.9249
2019-11-29,7430.5,7863.0,7417.0,7757.5,2677196.20165
2019-11-30,7758.0,7819.0,7454.5,7551.0,796454.8804
2019-12-01,7550.0,7550.0,7235.5,7398.0,618873.38625
2019-12-02,7398.5,7422.5,7153.0,7301.5,1497593.46845
2019-12-03,7300.5,7406.5,7243.0,7296.5,975466.56785
2019-12-04,7297.0,7765.5,7085.5,7195.0,6169101.402
2019-12-05,7199.5,7484.0,7154.5,7391.5,5330105.82775
2019-12-06,7391.0,7597.0,7309.5,7542.0,3414933.7723
2019-12-07,7542.5,7636.5,7485.5,7501.5,2231864.7455
2019-12-08,7501.5,7572.0,7386.5,7522.5,1648434.722
2019-12-09,7522.5,7644.0,7283.0,7330.5,817790.007975
2019-12-10,7330.5,7380.5,7154.5,7219.0,763681.96525
2019-12-11,7218.5,7265.0,7132.0,7200.5,2254471.83645
2019-12-12,7200.5,7284.0,7082.5,7187.5,2355168.28645
2019-12-13,7187.5,7299.5,7184.0,7250.0,4778530.06525
2019-12-14,7250.5,7266.0,7006.0,7064.0,784643.0364
2019-12-15,7064.0,7201.0,7005.5,7112.0,398890.01785
2019-12-16,7112.0,7132.5,6815.0,6877.0,1699687.47325
2019-12-17,6877.0,6931.5,6558.5,6616.0,2117756.95615
2019-12-18,6616.0,7454.5,6432.5,7284.0,7010188.0306
2019-12-19,7285.5,7367.5,7049.0,7151.0,1622913.895
2019-12-20,7151.0,7220.0,7079.0,7187.5,1191662.9796
2019-12-21,7187.5,7188.0,7116.0,7143.0,238835.8133
2019-12-22,7143.0,7518.0,7126.5,7512.0,973105.76945
2019-12-23,7514.5,7689.0,7261.0,7312.0,2491130.03285
2019-12-24,7312.0,7425.5,7157.5,7253.0,693856.3258
2019-12-25,7252.5,7262.5,7115.5,7190.0,3583686.8071
2019-12-26,7190.0,7424.5,7140.0,7190.0,1996807.03745
2019-12-27,7190.0,7248.0,7061.5,7244.5,2037322.9597
2019-12-28,7244.5,7343.0,7231.5,7298.5,1323752.4381
2019-12-29,7298.5,7516.5,7274.5,7380.0,1265847.198
2019-12-30,7378.0,7378.0,7197.5,7218.0,6213636.34965
2019-12-31,7218.0,7294.5,7113.5,7164.5,578801.63625
2020-01-01,7164.5,7229.0,7147.0,7171.5,873910.06175
2020-01-02,7171.0,7178.0,6903.5,6941.0,7434329.0294
2020-01-03,6941.0,7397.5,6850.0,7335.5,2841165.52145
2020-01-04,7338.0,7395.5,7263.5,7347.0,610618.0974
2020-01-05,7347.0,7490.5,7311.5,7350.0,1037716.33465
2020-01-06,7350.0,7806.0,7341.0,7764.0,6562895.412
2020-01-07,7764.0,8213.5,7732.0,8156.5,4015592.9053
2020-01-08,8159.5,8463.5,7871.0,8044.5,9240189.95435
2020-01-09,8046.5,8047.0,7752.0,7815.0,3609452.3832
2020-01-10,7815.5,8192.0,7673.5,8192.0,8458833.58465
2020-01-11,8198.0,8285.5,8004.5,8022.0,4976746.90835
2020-01-12,8017.5,8191.0,7963.0,8178.0,5263340.35415
2020-01-13,8178.0,8188.5,8042.5,8108.5,9503455.28225
2020-01-14,8109.5,8894.0,8104.0,8818.0,12600751.0795
2020-01-15,8811.5,8898.5,8503.0,8811.0,14406113.551
2020-01-16,8813.5,8848.0,8582.0,8714.0,6631605.2481
2020-01-17,8718.5,9011.5,8665.0,8900.0,8758310.9915
2020-01-18,8900.0,8980.0,8805.0,8910.5,3229953.98395
2020-01-19,8909.5,9187.5,8479.5,8699.5,11305297.2894
2020-01-20,8699.5,8735.5,8510.5,8629.5,3315895.67865
2020-01-21,8629.5,8772.5,8469.0,8723.5,4899100.25985
2020-01-22,8724.5,8796.0,8573.5,8660.0,4625659.68265
2020-01-23,8660.0,8666.5,8283.5,8387.0,3485103.6891
2020-01-24,8387.0,8511.0,8223.5,8429.5,2393184.03185
2020-01-25,8429.5,8433.0,8256.5,8327.5,1004552.501
2020-01-26,8326.5,8595.5,8286.0,8595.5,2739107.66705
2020-01-27,8595.5,8988.0,8564.5,8895.5,5018891.82785
2020-01-28,8895.5,9417.0,8887.0,9386.0,15757536.86895
2020-01-29,9384.5,9428.5,9222.5,9283.0,10554065.4746
2020-01-30,9284.5,9571.0,9184.0,9507.5,7370006.6343
2020-01-31,9506.0,9521.5,9188.0,9338.5,4394664.3502
2020-02-01,9338.5,9457.0,9287.5,9383.0,2330971.17545
2020-02-02,9383.0,9483.0,9120.5,9320.5,7174859.78125
2020-02-03,9323.5,9617.5,9217.5,9280.5,3797972.93795
2020-02-04,9280.5,9350.0,9074.5,9164.5,5506866.10295
2020-02-05,9164.5,9765.0,9150.0,9615.0,7710031.6736
2020-02-06,9613.5,9861.5,9515.5,9759.5,5631248.10585
2020-02-07,9759.5,9875.0,9712.5,9810.5,5673938.4664
2020-02-08,9810.5,9948.0,9660.0,9911.5,2842237.58375
2020-02-09,9911.5,10183.0,9892.0,10165.0,3964315.7992
2020-02-10,10165.0,10199.0,9660.0,9851.0,7453586.34395
2020-02-11,9851.0,10375.0,9712.5,10270.5,11668305.00835
2020-02-12,10270.5,10489.0,10245.5,10350.0,8700477.6976
2020-02-13,10350.0,10557.5,10076.0,10235.0,7235881.8259
2020-02-14,10236.0,10393.5,10093.0,10367.5,4783427.01315
2020-02-15,10367.5,10401.5,9788.0,9909.0,7388572.04275
2020-02-16,9909.0,10052.0,9635.5,9929.5,7024265.9371
2020-02-17,9926.5,9974.0,9464.5,9704.5,13971436.4148
2020-02-18,9706.5,10286.0,9604.5,10187.5,7672608.63975
2020-02-19,10190.5,10305.5,9313.0,9599.5,7622317.42335
2020-02-20,9595.0,9700.5,9359.5,9606.0,5811385.48665
2020-02-21,9606.0,9772.5,9535.0,9694.0,3772751.5044
2020-02-22,9694.0,9720.5,9571.5,9665.5,2433791.17625
2020-02-23,9665.5,10029.5,9665.0,9971.0,3032483.0159
2020-02-24,9970.0,10028.0,9482.0,9659.5,5879430.9969
2020-02-25,9659.5,9681.0,9242.5,9305.5,3347038.0531
2020-02-26,9305.0,9369.0,8609.0,8779.5,10530961.8266
2020-02-27,8782.0,8973.0,8520.0,8817.0,7582539.11735
2020-02-28,8818.0,8901.5,8426.0,8705.0,5203645.71435
2020-02-29,8702.5,8800.5,8522.5,8528.0,4770766.16505
2020-03-01,8526.0,8758.5,8411.0,8522.5,5066924.33655
2020-03-02,8522.5,8971.0,8490.0,8919.5,3730751.5978
2020-03-03,8921.5,8925.5,8622.0,8757.0,4684641.83185
2020-03-04,8757.0,8852.0,8670.0,8758.5,2021198.7741
2020-03-05,8759.0,9173.5,8758.5,9071.0,5244278.8946
2020-03-06,9070.0,9180.0,8991.5,9157.0,2205349.245
2020-03-07,9157.0,9219.5,8836.5,8897.0,2560550.6682
2020-03-08,8897.0,8897.0,8003.5,8039.0,12679245.20315
2020-03-09,8039.0,8195.0,7634.0,7931.5,15520308.08625
2020-03-10,7931.5,8154.0,7736.0,7893.0,7451916.7769
2020-03-11,7893.0,7988.0,7589.5,7941.5,4915419.76825
2020-03-12,7941.5,7969.5,4519.0,4863.0,46606207.1789
2020-03-13,4857.0,5999.5,3900.0,5639.0,24099408.39605
2020-03-14,5648.5,5671.5,5053.0,5164.0,12667743.96805
2020-03-15,5164.0,5971.0,5092.5,5349.5,22684002.26625
2020-03-16,5348.5,5352.0,4426.5,5035.0,24958470.87585
2020-03-17,5039.0,5566.5,4934.5,5333.5,7799754.67695
2020-03-18,5330.5,5457.0,5016.5,5416.0,9356506.4586
2020-03-19,5414.0,6428.0,5268.0,6182.0,12886657.75305
2020-03-20,6182.0,6948.5,5657.0,6211.0,18453219.38385
2020-03-21,6211.5,6466.0,5870.0,6195.5,16104089.1996
2020-03-22,6195.5,6422.5,5740.0,5814.0,8600746.07565
2020-03-23,5814.0,6680.0,5682.5,6498.0,12065489.62425
2020-03-24,6489.5,6867.5,6402.0,6767.5,6717088.9941
2020-03-25,6767.0,6989.5,6473.5,6688.0,15129253.63315
2020-03-26,6690.0,6799.0,6520.0,6757.5,8069728.93735
2020-03-27,6760.5,6875.5,6271.5,6371.0,8646447.0998
2020-03-28,6369.5,6369.5,6011.0,6253.0,10452183.29885
2020-03-29,6250.5,6278.5,5869.0,5877.5,4144749.96765
2020-03-30,5877.5,6626.0,5858.0,6406.5,8246897.7332
2020-03-31,6407.5,6529.0,6337.0,6425.0,2808932.2416
2020-04-01,6424.5,6700.0,6160.0,6665.0,6307100.4412
2020-04-02,6666.0,7273.0,6569.0,6799.5,22684392.23425
2020-04-03,6799.5,7051.5,6612.0,6739.5,8144948.49155
2020-04-04,6738.5,7014.5,6655.0,6874.5,2313720.2993
2020-04-05,6874.5,6912.5,6675.0,6781.5,2239277.5761
2020-04-06,6781.5,7371.0,6771.0,7342.0,8193159.782
2020-04-07,7341.5,7470.0,7078.0,7199.5,8571397.6135
2020-04-08,7200.0,7428.0,7152.5,7369.0,7902762.4362
2020-04-09,7369.0,7377.0,7110.5,7292.0,12110625.5055
2020-04-10,7292.0,7302.0,6748.5,6871.0,11183499.21715
2020-04-11,6871.0,6953.5,6769.5,6889.5,2169986.19975
2020-04-12,6890.0,7205.0,6789.5,6910.5,2056288.20325
2020-04-13,6910.5,6911.0,6580.5,6858.0,5182573.69955
2020-04-14,6858.0,6992.5,6771.5,6873.5,6149550.21445
2020-04-15,6873.5,6941.0,6609.0,6622.5,4543604.1696
2020-04-16,6622.5,7223.0,6474.5,7113.0,7692894.9033
2020-04-17,7113.5,7154.5,6999.5,7035.0,2865286.93055
2020-04-18,7034.5,7308.5,7022.0,7260.5,6842496.447
2020-04-19,7260.5,7276.5,7066.0,7130.0,4821872.2363
2020-04-20,7130.0,7240.5,6760.0,6837.5,3867090.4338
2020-04-21,6837.5,6962.0,6774.0,6852.5,9136739.1295
2020-04-22,6852.5,7167.0,6825.0,7135.5,3791409.03445
2020-04-23,7135.5,7790.5,7034.0,7488.0,14249070.23085
2020-04-24,7487.0,7614.5,7397.5,7509.5,10550280.09455
2020-04-25,7509.5,7717.5,7438.5,7550.0,8764760.976
2020-04-26,7550.0,7714.5,7483.5,7705.0,11751071.443
2020-04-27,7705.0,7810.0,7635.0,7794.0,14670212.0386
2020-04-28,7794.0,7798.5,7665.5,7755.0,6718895.6328
2020-04-29,7755.0,8978.0,7728.5,8788.5,27094983.94225
2020-04-30,8788.5,9468.0,8402.0,8622.5,47578309.23235
2020-05-01,8622.5,9070.0,8620.0,8833.5,27454971.4782
2020-05-02,8833.5,9023.5,8763.5,8981.0,19026669.9034
2020-05-03,8981.0,9203.5,8730.0,8905.5,42753905.59005
2020-05-04,8905.5,8971.0,8536.0,8889.0,15645068.451
2020-05-05,8889.0,9123.0,8762.5,9030.0,21773001.20685
2020-05-06,9030.0,9420.0,8922.5,9155.5,24674809.56015
2020-05-07,9155.5,10076.5,9037.0,10004.5,46112698.4087
2020-05-08,10003.5,10050.5,9729.5,9810.0,25815286.90085
2020-05-09,9813.5,9918.5,9517.0,9535.5,14877882.01585
2020-05-10,9535.5,9564.5,8111.0,8729.0,77905628.35965
2020-05-11,8729.0,9173.0,8199.0,8578.5,26761640.4026
2020-05-12,8578.5,8980.5,8540.0,8823.0,9923299.7001
2020-05-13,8823.0,9416.0,8807.0,9326.0,5806637.35325
2020-05-14,9326.0,9945.0,9267.0,9795.5,14654839.90385
2020-05-15,9795.5,9854.0,9107.0,9304.5,12203986.6988
2020-05-16,9304.5,9584.5,9213.5,9385.0,5909032.5357
2020-05-17,9385.0,9894.0,9327.5,9673.0,5074718.34595
2020-05-18,9673.0,9955.0,9407.0,9731.0,7691256.0189
2020-05-19,9731.0,9898.0,9457.5,9782.5,4479073.9235
2020-05-20,9783.0,9834.5,9293.0,9511.5,6058743.34895
2020-05-21,9511.5,9566.5,8801.0,9060.0,3500568.65495
2020-05-22,9060.0,9271.0,8930.5,9165.0,3192432.06565
2020-05-23,9165.0,9314.0,9094.0,9174.0,1623404.89925
2020-05-24,9174.0,9305.0,8682.5,8717.0,3239192.63595
2020-05-25,8717.0,8979.0,8633.0,8900.5,3928445.9074
2020-05-26,8900.5,9015.5,8695.0,8843.0,4699260.1963
2020-05-27,8843.0,9229.5,8811.5,9205.0,4296417.3011
2020-05-28,9205.0,9623.0,9115.0,9580.0,6358848.01065
2020-05-29,9580.0,9607.0,9334.0,9424.0,6834852.85505
2020-05-30,9424.0,9748.0,9335.5,9702.5,7637376.88805
2020-05-31,9702.5,9709.5,9389.0,9447.5,7285222.3734
2020-06-01,9447.5,10425.5,9415.0,10205.0,12969711.3324
2020-06-02,10205.0,10230.5,9280.5,9522.5,18782460.06105
2020-06-03,9522.5,9691.5,9395.0,9666.5,3350747.2515
2020-06-04,9666.5,9890.0,9451.0,9791.5,7258366.8948
2020-06-05,9791.5,9859.5,9588.0,9617.0,5813394.3175
2020-06-06,9617.0,9733.5,9530.0,9665.5,1836559.181
2020-06-07,9665.5,9820.0,9376.0,9753.5,4816235.56095
2020-06-08,9753.5,9819.5,9634.0,9784.5,2840494.71785
2020-06-09,9784.5,9890.0,9565.0,9777.5,4010500.19575
2020-06-10,9779.5,10011.0,9660.0,9896.0,4750779.80965
2020-06-11,9896.0,9979.0,9060.0,9270.0,8417645.62645
2020-06-12,9270.5,9553.0,9232.0,9463.5,5113325.4735
2020-06-13,9463.5,9499.5,9350.5,9476.0,1598446.8945
2020-06-14,9476.0,9485.5,9240.0,9334.5,2544040.2018
2020-06-15,9334.5,9500.5,8896.5,9429.5,9366776.9117
2020-06-16,9429.5,9591.5,9381.0,9527.5,8505803.1862
2020-06-17,9527.5,9561.5,9232.5,9456.0,7789872.71635
2020-06-18,9456.0,9478.5,9271.0,9377.0,5531720.06225
2020-06-19,9377.0,9430.0,9231.5,9299.5,6717822.3703
2020-06-20,9299.5,9394.0,9165.0,9358.5,3707865.5819
2020-06-21,9358.5,9421.5,9271.0,9283.0,2804578.38145
2020-06-22,9283.0,9791.0,9264.0,9688.5,5814048.61675
2020-06-23,9688.5,9721.0,9574.0,9621.5,4934409.71015
2020-06-24,9621.5,9666.5,9038.5,9281.5,9206705.68735
2020-06-25,9281.5,9335.5,8989.5,9239.5,12119206.69635
2020-06-26,9239.5,9291.0,9030.5,9154.0,13565369.9017
2020-06-27,9154.0,9186.5,8820.5,9004.0,12095289.6187
2020-06-28,9004.0,9189.5,8931.0,9114.0,7143308.02565
2020-06-29,9114.0,9234.5,9015.0,9190.0,8025291.8777
2020-06-30,9183.5,9200.5,9056.0,9136.0,6741163.90795
2020-07-01,9136.0,9297.0,9088.5,9238.5,5602027.1348
2020-07-02,9238.5,9267.0,8941.0,9089.0,7242830.34615
2020-07-03,9089.0,9124.5,9041.5,9058.5,2646503.1425
2020-07-04,9058.5,9194.5,9044.5,9140.0,3870416.88535
2020-07-05,9140.0,9146.5,8906.5,9076.0,3359803.44035
2020-07-06,9076.0,9379.0,9064.0,9342.0,6307431.3066
2020-07-07,9342.0,9380.5,9206.5,9255.5,3733760.8717
2020-07-08,9255.5,9478.5,9234.5,9438.5,4854815.66145
2020-07-09,9438.5,9443.5,9159.5,9235.5,5535914.06465
2020-07-10,9235.5,9316.5,9112.5,9291.0,4395747.56095
2020-07-11,9291.0,9301.0,9180.5,9233.0,2866065.7482
2020-07-12,9233.0,9344.5,9156.0,9305.0,5206290.40105
2020-07-13,9305.0,9341.0,9196.5,9237.5,5111125.02875
2020-07-14,9237.5,9278.5,9108.0,9257.5,6742031.147
2020-07-15,9257.5,9273.5,9153.5,9190.0,4177647.4795
2020-07-16,9190.0,9217.5,9032.5,9130.5,5280767.0628
2020-07-17,9130.5,9182.0,9080.0,9153.0,3462241.3211
2020-07-18,9153.0,9209.5,9124.5,9172.5,2362438.2923
2020-07-19,9172.0,9241.0,9103.0,9213.5,3227111.9523
2020-07-20,9213.5,9226.0,9130.5,9163.0,4084140.96985
2020-07-21,9163.0,9442.5,9155.5,9394.0,7155492.4771
2020-07-22,9394.5,9570.5,9276.0,9538.0,5174148.6273
2020-07-23,9537.0,9682.5,9451.5,9610.5,6281744.74505
2020-07-24,9610.5,9648.5,9476.5,9552.0,5646209.9396
2020-07-25,9549.5,9749.0,9535.0,9711.0,7169275.38475
2020-07-26,9711.0,10201.5,9657.5,9941.5,9829944.3436
2020-07-27,9943.0,11420.0,9936.5,11046.0,29630230.0324
2020-07-28,11046.0,11259.5,10580.5,10929.5,19223218.47855
2020-07-29,10929.0,11353.0,10848.5,11113.0,13740490.1208
2020-07-30,11113.0,11188.0,10828.0,11114.0,7720324.13615
2020-07-31,11114.0,11460.0,10971.5,11352.0,27125057.9459
2020-08-01,11352.0,11885.5,11236.0,11816.0,22722271.47435
2020-08-02,11816.0,12115.5,10727.5,11070.0,15359894.7036
2020-08-03,11070.0,11480.5,10931.0,11234.0,10320548.2273
2020-08-04,11234.0,11422.5,11024.0,11199.5,19241570.54965
2020-08-05,11199.5,11795.5,11103.0,11756.5,24557183.90975
2020-08-06,11756.0,11913.0,11575.0,11772.0,19351771.25155
2020-08-07,11772.0,11920.5,11331.0,11604.0,27479060.66005
2020-08-08,11608.5,11814.0,11527.0,11768.0,7963854.0246
2020-08-09,11768.0,11800.0,11534.0,11687.0,4759314.5614
2020-08-10,11687.0,12079.5,11534.0,11903.0,9796542.4445
2020-08-11,11903.0,11944.5,11123.5,11388.0,11345523.6825
2020-08-12,11388.0,11628.0,11155.0,11569.5,5970185.0772
2020-08-13,11569.5,11811.0,11274.5,11798.0,8455154.19785
2020-08-14,11798.0,11863.5,11656.0,11775.5,9105676.0969
2020-08-15,11775.5,11991.5,11689.5,11858.5,9915429.138
2020-08-16,11858.5,11940.5,11691.5,11917.5,6274043.46355
2020-08-17,11917.5,12485.5,11716.0,12297.0,12474403.50425
2020-08-18,12297.0,12402.0,11811.5,11954.5,9875707.51825
2020-08-19,11954.5,12022.5,11565.5,11757.0,7066093.9648
2020-08-20,11757.0,11894.5,11677.0,11864.0,11230888.3125
2020-08-21,11863.0,11887.0,11483.0,11530.0,24431525.4779
2020-08-22,11530.0,11692.0,11369.5,11673.5,29140205.74975
2020-08-23,11671.0,11718.5,11525.5,11653.0,18632391.76505
2020-08-24,11653.0,11829.5,11594.0,11752.0,7763946.48125
2020-08-25,11752.0,11769.0,11113.0,11327.5,33655849.5158
2020-08-26,11327.5,11545.5,11254.0,11467.0,31385600.62175
2020-08-27,11467.0,11592.5,11128.5,11333.0,46305900.01535
2020-08-28,11333.0,11552.5,11280.5,11534.5,20833814.9949
2020-08-29,11534.5,11587.0,11430.0,11473.5,15735385.75975
2020-08-30,11473.5,11721.0,11463.5,11714.5,12843462.56525
2020-08-31,11713.0,11780.5,11576.5,11654.5,23076703.5045
2020-09-01,11654.5,12064.0,11529.0,11925.0,39657926.2723
2020-09-02,11924.5,11957.5,11133.0,11396.5,24239883.9647
2020-09-03,11396.5,11475.0,9850.0,10165.0,30819942.2407
2020-09-04,10165.0,10636.0,9825.0,10455.5,25097465.9797
2020-09-05,10455.5,10569.0,9837.0,10167.5,22492815.6187
2020-09-06,10169.0,10351.0,9991.5,10256.5,10278712.4344
2020-09-07,10256.5,10410.0,9879.5,10374.0,45011082.51775
2020-09-08,10374.0,10442.5,9850.0,10126.5,64933130.5255
2020-09-09,10126.5,10349.5,9983.0,10221.0,27061835.2917
2020-09-10,10221.0,10490.0,10216.5,10340.5,47698529.68895
2020-09-11,10340.5,10407.5,10202.5,10394.5,29177167.77035
2020-09-12,10394.0,10479.0,10273.0,10442.0,16506043.78855
2020-09-13,10442.0,10584.0,10212.0,10332.5,23593609.7122
2020-09-14,10332.5,10757.5,10252.5,10676.5,27195142.43805
2020-09-15,10676.5,10937.0,10621.0,10785.5,41941952.53285
2020-09-16,10785.5,11098.5,10660.5,10954.5,44895549.2725
2020-09-17,10954.5,11047.0,10742.0,10943.0,28146580.10385
2020-09-18,10943.0,11043.5,10816.0,10937.0,16483975.2493
2020-09-19,10937.0,11181.0,10892.0,11082.5,15890979.8151
2020-09-20,11082.5,11082.5,10763.0,10919.5,14684658.23405
2020-09-21,10919.5,10994.0,10285.0,10419.0,36428807.51835
2020-09-22,10419.0,10577.5,10360.0,10533.5,29843258.39475
2020-09-23,10533.5,10539.0,10136.5,10239.5,48005635.9718
2020-09-24,10239.5,10808.5,10191.5,10745.0,45556051.44265
2020-09-25,10744.5,10763.5,10558.0,10692.5,26294818.16075
2020-09-26,10692.5,10831.0,10655.5,10731.0,48807572.07645
2020-09-27,10731.0,10804.0,10595.5,10775.5,30740790.24145
2020-09-28,10775.5,10951.0,10633.5,10690.5,51772026.3819
2020-09-29,10690.5,10867.5,10637.0,10841.5,37108780.3732
2020-09-30,10841.5,10849.5,10660.5,10777.5,33449153.86525
2020-10-01,10777.5,10950.5,10448.0,10614.0,90105272.44415
2020-10-02,10614.0,10663.5,10380.5,10573.5,112916846.7721
2020-10-03,10573.5,10610.5,10500.0,10550.0,27473332.227
2020-10-04,10550.0,10701.0,10526.0,10669.5,25342667.4167
2020-10-05,10669.5,10804.0,10624.0,10800.0,34900867.2129
2020-10-06,10800.0,10805.5,10523.0,10602.5,36609529.2553
2020-10-07,10602.5,10681.0,10544.0,10669.0,15106055.3611
2020-10-08,10669.0,10967.5,10535.0,10930.5,26626988.2579
2020-10-09,10930.5,11110.5,10826.5,11058.5,30613583.02115
2020-10-10,11058.0,11490.5,11057.5,11298.0,39785236.0236
2020-10-11,11298.0,11443.0,11280.5,11373.0,33165755.70675
2020-10-12,11373.0,11727.0,11200.0,11535.5,55514373.16235
2020-10-13,11535.5,11559.5,11313.5,11427.0,51080030.78305
2020-10-14,11427.0,11554.5,11296.0,11427.0,22066032.9534
2020-10-15,11427.0,11619.5,11266.0,11510.0,38041336.76825
2020-10-16,11510.0,11548.5,11200.0,11326.5,62372251.93575
2020-10-17,11326.5,11408.5,11270.5,11365.0,22062815.60685
2020-10-18,11365.0,11514.5,11351.5,11510.0,20607310.2601
2020-10-19,11510.0,11835.5,11417.5,11759.0,44484391.64955
2020-10-20,11759.0,12052.5,11689.5,11921.5,56044921.31325
2020-10-21,11921.5,13245.5,11901.0,12807.0,142843047.40505
2020-10-22,12807.0,13200.5,12625.5,12988.0,127944648.31125
2020-10-23,12988.0,13037.5,12729.0,12938.0,79686456.43515
2020-10-24,12938.0,13175.5,12883.0,13124.0,15247553.4709
2020-10-25,13124.0,13361.0,12908.5,13044.0,30434742.5737
2020-10-26,13044.0,13245.5,12780.0,13069.5,28752606.2365
2020-10-27,13069.5,13792.5,13064.0,13642.0,36281212.70955
2020-10-28,13642.0,13862.0,12897.0,13277.5,46654219.5371
2020-10-29,13277.5,13655.0,12983.0,13468.5,36525678.8096
2020-10-30,13468.5,13678.5,13128.0,13569.5,42883520.08795
2020-10-31,13569.5,14101.0,13430.0,13802.5,37541669.87475
2020-11-01,13802.5,13908.0,13634.5,13768.5,29111537.13535
2020-11-02,13768.5,13846.0,13214.5,13567.0,35066473.1802
2020-11-03,13567.0,14074.0,13292.0,14033.5,38791423.9597
2020-11-04,14033.5,14274.0,13534.0,14166.0,39341255.5908
2020-11-05,14166.0,15765.0,14115.5,15608.0,70297136.25025
2020-11-06,15608.0,15974.0,15185.5,15600.0,68393246.0798
2020-11-07,15600.0,15776.0,14349.0,14838.0,51004356.70875
2020-11-08,14838.0,15667.0,14729.0,15485.5,17831855.729
2020-11-09,15485.5,15853.0,14817.5,15338.5,58710661.58905
2020-11-10,15338.5,15481.0,15094.0,15313.5,18926510.3064
2020-11-11,15313.5,16011.5,15293.5,15700.5,28857955.30135
2020-11-12,15700.5,16360.0,15460.0,16300.0,50560489.1349
2020-11-13,16300.0,16490.0,15967.5,16337.0,39929555.8398
2020-11-14,16337.0,16340.5,15721.5,16080.5,13932789.9857
2020-11-15,16080.5,16174.5,15787.0,15971.5,12113071.4086
2020-11-16,15971.5,16894.5,15878.0,16722.5,42806678.87975
2020-11-17,16722.5,17873.0,16567.5,17683.0,67939389.8971
2020-11-18,17683.0,18491.5,17250.0,17792.5,75484354.90635
2020-11-19,17792.5,18184.5,17358.0,17824.5,33437321.6344
2020-11-20,17824.5,18828.0,17769.0,18673.5,46115033.33655
2020-11-21,18673.5,18984.0,18354.0,18717.0,27968701.7052
2020-11-22,18717.0,18768.5,17629.5,18437.5,37744240.65255
2020-11-23,18437.5,18778.5,18015.5,18382.5,33962924.15245
2020-11-24,18382.5,19436.0,18063.5,19167.5,76294820.04605
2020-11-25,19167.5,19509.0,18512.0,18721.5,64594287.62715
2020-11-26,18721.5,18915.0,16200.0,17150.5,105110433.03675
2020-11-27,17150.5,17468.5,16432.0,17147.0,35103586.5539
2020-11-28,17147.0,17888.5,16881.5,17726.0,19558956.5076
2020-11-29,17726.0,18350.0,17538.0,18194.5,19838062.49595
2020-11-30,18194.5,19883.5,18194.5,19703.0,61778500.30865
2020-12-01,19703.0,19923.5,17931.0,18780.0,59363749.9265
2020-12-02,18780.0,19347.0,18340.5,19220.5,37705270.29855
2020-12-03,19220.5,19620.5,18859.0,19444.5,39836139.83215
2020-12-04,19444.5,19539.5,18554.5,18659.0,60677296.4368
2020-12-05,18659.0,19180.0,18505.5,19160.5,24872380.0331
2020-12-06,19160.5,19429.5,18878.0,19376.0,27512606.28245
2020-12-07,19376.0,19431.5,18911.0,19184.0,24347904.80095
2020-12-08,19184.0,19299.5,18166.0,18314.5,48249813.77635
2020-12-09,18314.5,18639.0,17639.0,18549.5,37171603.286
2020-12-10,18549.5,18557.5,17910.0,18252.0,31988244.24285
2020-12-11,18252.0,18288.0,17572.0,18038.5,42199613.3853
2020-12-12,18038.5,18960.0,18021.0,18815.5,19870145.7847
2020-12-13,18815.5,19415.5,18729.0,19163.5,37414524.9446
2020-12-14,19163.5,19349.5,19002.0,19275.0,27507142.4808
2020-12-15,19275.0,19568.5,19056.0,19438.0,37883947.37485
2020-12-16,19438.0,21576.5,19290.5,21358.5,72242459.8686
2020-12-17,21358.5,23775.0,21255.0,22808.5,148411634.31295
2020-12-18,22808.5,23300.0,22338.0,23136.0,48542057.49705
2020-12-19,23136.0,24193.5,22772.0,23851.0,51288533.836
2020-12-20,23851.0,24299.5,23010.5,23478.0,47640133.8077
2020-12-21,23476.0,24130.0,21910.5,22728.0,107580984.4555
2020-12-22,22728.0,23845.5,22370.0,23819.5,81569092.4837
2020-12-23,23819.5,24131.5,22604.5,23220.5,107615353.5926
2020-12-24,23220.5,23783.0,22702.0,23717.5,50579037.7947
2020-12-25,23717.5,24773.5,23409.0,24697.5,97900817.25895
2020-12-26,24697.5,26828.5,24480.0,26459.0,92745809.5312
2020-12-27,26459.0,28381.0,25800.0,26245.5,126954803.98935
2020-12-28,26245.5,27473.5,26077.0,27033.0,98572943.6493
2020-12-29,27033.0,27396.5,25826.5,27365.5,125029231.29785
2020-12-30,27365.5,29005.0,27336.0,28879.5,115682357.30865
2020-12-31,28879.5,29317.0,27938.5,28965.0,478483830.7088
2021-01-01,28965.0,29691.5,28700.0,29399.0,172186059.13855
2021-01-02,29399.0,33349.5,29023.5,32201.5,254401802.10525
2021-01-03,32201.5,34809.5,31978.0,33045.5,147019465.64805
2021-01-04,33045.5,33658.5,27700.5,32005.0,178200542.5024
2021-01-05,32005.0,34499.5,29923.5,34034.5,132410837.0094
2021-01-06,34034.5,37038.0,33367.0,36871.5,109393337.0025
2021-01-07,36871.5,40428.0,36260.0,39485.0,192347844.54925
2021-01-08,39485.0,42000.0,36548.0,40625.0,189042603.7024
2021-01-09,40625.0,41410.0,38780.0,40234.0,75127092.75965
2021-01-10,40234.0,41447.0,35001.0,38162.0,191176700.4848
2021-01-11,38158.0,38330.0,30255.0,35484.0,419286635.6988
2021-01-12,35484.0,36682.0,32484.0,34021.0,174888400.4231
2021-01-13,34021.0,37847.0,32325.0,37374.0,130814365.2241
2021-01-14,37374.0,40120.0,36753.0,39122.0,142863498.8124
2021-01-15,39122.0,39700.0,34381.0,36739.0,181713361.7213
2021-01-16,36739.0,37948.0,35370.0,35999.0,116439754.2145
2021-01-17,35999.0,36866.0,33832.0,35817.0,88248531.5745
2021-01-18,35817.0,37449.0,34765.0,36646.0,67943553.7304
2021-01-19,36646.0,37880.0,35884.0,35902.0,92349565.87
2021-01-20,35902.0,36400.0,33384.0,35480.0,150257590.7223
2021-01-21,35480.0,35614.0,30030.0,30848.0,173657559.4071
2021-01-22,30848.0,33861.0,28820.0,32994.0,125724341.2536
2021-01-23,32994.0,33489.0,31431.0,32092.0,65356981.4185
2021-01-24,32092.0,33108.0,30946.0,32304.0,74749828.4249
2021-01-25,32304.0,34875.0,31913.0,32257.0,183457778.9403
2021-01-26,32257.0,32936.0,30846.0,32502.0,130426595.1258
2021-01-27,32502.0,33005.0,29246.0,30409.0,196999160.5306
2021-01-28,30409.0,33829.0,29869.0,33443.0,144055901.7375
2021-01-29,33443.0,38644.0,31975.0,34238.0,359630120.2331
2021-01-30,34242.0,34930.0,32827.0,34299.0,102299878.4964
2021-01-31,34299.0,34367.0,32190.0,33118.0,73959692.2861
2021-02-01,33118.0,34718.0,32312.0,33545.0,121316465.5453
2021-02-02,33545.0,36028.0,33453.0,35521.0,94147794.9119
2021-02-03,35521.0,37718.0,35409.0,37687.0,112105509.7705
2021-02-04,37687.0,38774.0,36178.0,36980.0,129783626.9651
2021-02-05,36980.0,38367.0,36609.0,38346.0,105762119.6215
2021-02-06,38333.0,40999.0,38258.0,39256.0,160005058.1182
2021-02-07,39256.0,39747.0,37400.0,38867.0,180477605.8349
2021-02-08,38867.0,46864.0,38046.0,46427.0,293545727.46825
2021-02-09,46428.0,48273.0,45075.0,46486.0,198416123.1326
2021-02-10,46486.0,47381.0,43682.0,44834.0,182403788.375
2021-02-11,44834.0,48736.0,44015.0,48029.0,188923455.5619
2021-02-12,48029.0,49047.0,46174.0,47388.0,184272285.3021
2021-02-13,47388.0,48204.0,46232.0,47215.0,143857305.5176
2021-02-14,47215.0,49748.0,47071.0,48650.0,166670619.8219
2021-02-15,48650.0,49044.0,45646.0,47910.0,173358268.3834
2021-02-16,47910.0,50666.0,47033.0,49152.0,246158492.506
2021-02-17,49146.0,52642.0,48945.0,52138.0,229620855.0125
2021-02-18,52138.0,52568.0,50874.0,51553.0,132296110.7323
2021-02-19,51553.0,56416.0,50735.0,55937.0,257831315.5359
2021-02-20,55937.0,57592.0,54000.0,55899.0,251899828.7624
2021-02-21,55899.0,58366.0,55502.0,57483.0,195786112.244
2021-02-22,57483.0,57559.0,47500.0,54075.0,446263791.7049
2021-02-23,54075.0,54184.0,44851.0,48903.0,519877271.5706
2021-02-24,48903.0,51382.0,46759.0,49710.0,278614662.7374
2021-02-25,49710.0,52302.0,46679.0,47086.0,278826798.3907
2021-02-26,47086.0,48469.0,44102.0,46291.0,322686091.0114
2021-02-27,46291.0,48387.0,45028.0,46160.0,182994575.5403
2021-02-28,46160.0,46666.0,43002.0,45231.0,317921523.2342
2021-03-01,45231.0,49832.0,45043.0,49631.0,309688178.4933
2021-03-02,49631.0,50250.0,47046.0,48473.0,281164321.4894
2021-03-03,48480.0,52661.0,48159.0,50368.0,268058563.054
2021-03-04,50368.0,51808.0,47466.0,48362.0,240193105.5494
2021-03-05,48362.0,49478.0,46281.0,48751.0,244806672.3139
2021-03-06,48751.0,49224.0,47040.0,48913.0,180007358.9088
2021-03-07,48913.0,51475.0,48913.0,51000.0,208334565.2776
2021-03-08,51000.0,52430.0,49308.0,52408.0,292226686.4635
2021-03-09,52408.0,54931.0,51850.0,54889.0,318591531.6395
2021-03-10,54889.0,57447.0,53037.0,55854.0,447208536.4859
2021-03-11,55854.0,58174.0,54269.0,57821.0,391438462.3325
2021-03-12,57812.0,58109.0,55042.0,57242.0,265957511.4454
2021-03-13,57242.0,61806.0,56016.0,61186.0,245928468.4066
2021-03-14,61186.0,61678.0,58963.0,58970.0,149246211.7931
2021-03-15,58970.0,60622.0,54651.0,55600.0,325578148.3686
2021-03-16,55600.0,56945.0,53262.0,56931.0,271176418.7931
2021-03-17,56932.0,59000.0,54062.0,58925.0,308514063.016
2021-03-18,58943.0,60125.0,57000.0,57623.0,272775407.813
2021-03-19,57623.0,59475.0,56248.0,58043.0,248035675.6595
2021-03-20,58043.0,59913.0,57828.0,58101.0,190328461.7039
2021-03-21,58101.0,58639.0,55504.0,57351.0,264140330.3606
2021-03-22,57361.0,58430.0,53655.0,54093.0,294372176.2797
2021-03-23,54093.0,55862.0,52948.0,54351.0,267264085.9539
2021-03-24,54351.0,57200.0,50061.0,52258.0,286267352.4716
2021-03-25,52258.0,53222.0,50414.0,51303.0,382599326.998
2021-03-26,51303.0,55112.0,51241.0,55063.0,231099437.5915
2021-03-27,55063.0,56632.0,53944.0,55844.0,139797898.3599
2021-03-28,55844.0,56565.0,54680.0,55775.0,154073125.9183
2021-03-29,55775.0,58450.0,54885.0,57642.0,339131805.026
2021-03-30,57642.0,59401.0,57032.0,58775.0,301256154.9756
2021-03-31,58775.0,59844.0,56800.0,58790.0,334059523.0531
2021-04-01,58790.0,59517.0,57917.0,58721.0,275100567.0582
2021-04-02,58721.0,60187.0,58428.0,58960.0,193910561.6774
2021-04-03,58960.0,59796.0,56899.0,57061.0,222059555.0708
2021-04-04,57071.0,58514.0,56450.0,58211.0,165193382.2385
2021-04-05,58211.0,59308.0,56786.0,59157.0,234272572.9399
2021-04-06,59157.0,59509.0,57370.0,58008.0,251460574.2237
2021-04-07,58008.0,58640.0,55421.0,55926.0,343983452.8643
2021-04-08,55926.0,58173.0,55666.0,58092.0,187831519.7709
2021-04-09,58092.0,58901.0,57655.0,58106.0,205410536.8886
2021-04-10,58111.0,61288.0,57846.0,59772.0,381050607.3293
2021-04-11,59772.0,60684.0,59150.0,59983.0,146608104.8091
2021-04-12,59983.0,61274.0,59362.0,59819.0,257432204.3868
2021-04-13,59819.0,63792.0,59788.0,63587.0,383046763.7535
2021-04-14,63587.0,64887.0,61263.0,62959.0,360152775.5151
2021-04-15,62959.0,63865.0,62013.0,63233.0,239686898.5673
2021-04-16,63233.0,63592.0,60022.0,61411.0,399002174.801
2021-04-17,61411.0,62575.0,59636.0,60051.0,193895571.1846
2021-04-18,60051.0,60393.0,49880.0,56239.0,730927410.0844
2021-04-19,56239.0,57607.0,54249.0,55686.0,318266962.5144
2021-04-20,55686.0,57133.0,53331.0,56475.0,311238989.4884
2021-04-21,56475.0,56813.0,53622.0,53791.0,270394611.0278
2021-04-22,53791.0,55493.0,50444.0,51691.0,433716978.5906
2021-04-23,51691.0,52113.0,47445.0,51145.0,617158813.5525
2021-04-24,51145.0,51186.0,48700.0,50082.0,283227129.6229
2021-04-25,50082.0,50598.0,47000.0,49110.0,262334718.347
2021-04-26,49110.0,54406.0,48807.0,54047.0,380101504.485
2021-04-27,54050.0,55534.0,53300.0,55071.0,201599760.2393
2021-04-28,55072.0,56500.0,53868.0,54875.0,223921690.2182
2021-04-29,54875.0,55231.0,52352.0,53597.0,218724463.3528
2021-04-30,53597.0,58007.0,53051.0,57770.0,345560707.5643
2021-05-01,57770.0,58575.0,57040.0,57879.0,234694761.7248
2021-05-02,57879.0,57974.0,56071.0,56612.0,267976883.6915
2021-05-03,56612.0,59006.0,56431.0,57204.0,367252163.7384
2021-05-04,57204.0,57249.0,53000.0,53198.0,551973837.3668
2021-05-05,53197.0,57998.0,52891.0,57516.0,550127302.641
2021-05-06,57516.0,58437.0,55285.0,56426.0,438894110.6926
2021-05-07,56426.0,58725.0,55270.0,57362.0,404451224.0301
2021-05-08,57362.0,59575.0,56951.0,58940.0,402344682.6676
2021-05-09,58942.0,59303.0,56250.0,58298.0,368829244.2396
2021-05-10,58298.0,59643.0,53500.0,55857.0,671552664.583
2021-05-11,55857.0,56959.0,54522.0,56756.0,506003880.5977
2021-05-12,56756.0,58057.0,48109.0,49552.0,670133885.5577
2021-05-13,49550.0,51387.0,45853.0,49674.0,1019811478.783
2021-05-14,49674.0,51551.0,48857.0,49890.0,461363430.1579
2021-05-15,49890.0,50713.0,46548.0,46751.0,539624874.3434
2021-05-16,46751.0,49802.0,43841.0,46451.0,641264084.1817
2021-05-17,46451.0,46683.0,42120.0,43577.0,668670955.2238
2021-05-18,43577.0,45833.0,42274.0,42881.0,491871195.9524
2021-05-19,42881.0,43619.0,29150.0,36724.0,1289021939.4452
2021-05-20,36733.0,42477.0,34943.0,40590.0,711335140.6746
2021-05-21,40594.0,42288.0,33502.0,37325.0,839346682.5454
2021-05-22,37325.0,38880.0,35213.0,37484.0,535198779.244
2021-05-23,37484.0,38301.0,31096.0,34734.0,725780591.3833
2021-05-24,34750.0,39976.0,34431.0,38860.0,524448920.5487
2021-05-25,38860.0,39862.0,36443.0,38363.0,516360762.3221
2021-05-26,38363.0,40907.0,37842.0,39250.0,427132718.0718
2021-05-27,39250.0,40465.0,37191.0,38555.0,464017216.4994
2021-05-28,38557.0,38893.0,34709.0,35682.0,676751054.7864
2021-05-29,35682.0,37341.0,33651.0,34633.0,468030208.2671
2021-05-30,34633.0,36515.0,33402.0,35660.0,304105399.3663
2021-05-31,35660.0,37520.0,34173.0,37279.0,592761641.4724
2021-06-01,37280.0,37899.0,35652.0,36688.0,416591132.9238
2021-06-02,36688.0,38231.0,35917.0,37580.0,329351885.4451
2021-06-03,37580.0,39472.0,37183.0,39249.0,427545352.5811
2021-06-04,39249.0,39286.0,35587.0,36847.0,523217004.1627
2021-06-05,36847.0,37924.0,34826.0,35526.0,387649316.0095
2021-06-06,35526.0,36486.0,35225.0,35812.0,271655647.6758
2021-06-07,35812.0,36780.0,33288.0,33566.0,485375750.4558
2021-06-08,33565.0,34055.0,31000.0,33403.0,601910661.4875
2021-06-09,33408.0,37544.0,32423.0,37409.0,728865542.8815
2021-06-10,37411.0,38465.0,35812.0,36700.0,483332217.4968
2021-06-11,36701.0,37679.0,35930.0,37330.0,471071865.9247
2021-06-12,37330.0,37459.0,34602.0,35542.0,370478880.5545
2021-06-13,35563.0,39372.0,34682.0,39035.0,482313784.8425
2021-06-14,39035.0,41070.0,38746.0,40531.0,669053958.0237
2021-06-15,40531.0,41347.0,39500.0,40154.0,696645219.1297
2021-06-16,40154.0,40498.0,38111.0,38343.0,545971451.7566
2021-06-17,38343.0,39562.0,37355.0,38089.0,431976771.4131
2021-06-18,38089.0,38192.0,35146.0,35831.0,529461647.9947
2021-06-19,35831.0,36467.0,34847.0,35490.0,289998864.6771
2021-06-20,35490.0,36147.0,33317.0,35599.0,419815280.5524
2021-06-21,35599.0,35788.0,31248.0,31609.0,812217511.7259
2021-06-22,31608.0,33300.0,28819.0,32531.0,629028036.124
2021-06-23,32531.0,34851.0,31724.0,33686.0,479658454.905
2021-06-24,33686.0,35303.0,32311.0,34661.0,367815708.9007
2021-06-25,34661.0,35517.0,31276.0,31582.0,626678542.9596
2021-06-26,31582.0,32715.0,30142.0,32283.0,376936588.0623
2021-06-27,32278.0,34749.0,32000.0,34716.0,428942437.7513
2021-06-28,34716.0,35300.0,33898.0,34502.0,502207333.1315
2021-06-29,34502.0,36633.0,34228.0,35919.0,458345672.7143
2021-06-30,35919.0,36116.0,34050.0,35056.0,422703510.0099
2021-07-01,35056.0,35067.0,32705.0,33506.0,353159937.6878
2021-07-02,33507.0,33975.0,32700.0,33794.0,408487305.2804
2021-07-03,33794.0,34953.0,33318.0,34681.0,414819568.662
2021-07-04,34681.0,35966.0,34372.0,35290.0,334071053.5042
2021-07-05,35290.0,35295.0,33134.0,33705.0,441966118.3195
2021-07-06,33705.0,35115.0,33508.0,34224.0,394299660.9958
2021-07-07,34220.0,35081.0,33780.0,33869.0,366541745.4244
2021-07-08,33869.0,33933.0,32075.0,32869.0,423823493.2922
2021-07-09,32869.0,34100.0,32276.0,33817.0,340719919.068
2021-07-10,33817.0,34266.0,33035.0,33511.0,341417127.7862
2021-07-11,33511.0,34608.0,33323.0,34257.0,450400082.2046
2021-07-12,34257.0,34672.0,32656.0,33090.0,650421080.9931
2021-07-13,33088.0,33338.0,32187.0,32727.0,400827565.0891
2021-07-14,32727.0,33118.0,31578.0,32819.0,475658242.0766
2021-07-15,32819.0,33188.0,31138.0,31877.0,516673416.7306
2021-07-16,31877.0,32259.0,31037.0,31388.0,345581744.6
2021-07-17,31388.0,31959.0,31168.0,31522.0,287758420.1817
2021-07-18,31522.0,32462.0,31106.0,31784.0,267473405.112
2021-07-19,31784.0,31899.0,30423.0,30845.0,338755016.2443
2021-07-20,30845.0,31059.0,29284.0,29791.0,354819147.8426
2021-07-21,29791.0,32800.0,29496.0,32131.0,497539076.9581
2021-07-22,32131.0,32600.0,31721.0,32295.0,294363380.6086
2021-07-23,32295.0,33678.0,31989.0,33666.0,433654729.2091
2021-07-24,33667.0,34523.0,33430.0,34283.0,329190843.5749
2021-07-25,34283.0,35431.0,33883.0,35413.0,384836919.4534
2021-07-26,35413.0,40579.0,35246.0,37253.0,1004388979.5666
2021-07-27,37253.0,39561.0,36406.0,39488.0,716505113.9544
2021-07-28,39488.0,40937.0,38806.0,40036.0,674410321.4936
2021-07-29,40036.0,40666.0,39255.0,40046.0,434735190.7051
2021-07-30,40046.0,42336.0,38333.0,42232.0,663002128.3046
2021-07-31,42230.0,42428.0,41055.0,41494.0,568796312.0121
2021-08-01,41494.0,42608.0,39415.0,39847.0,1021909304.3566
2021-08-02,39879.0,40448.0,38682.0,39151.0,733380494.9617
2021-08-03,39151.0,39800.0,37634.0,38198.0,914992762.4283
2021-08-04,38197.0,39969.0,37411.0,39732.0,740232717.5815
2021-08-05,39732.0,41387.0,37258.0,40894.0,969559170.5048
2021-08-06,40894.0,43431.0,39862.0,42868.0,926848112.0859
2021-08-07,42868.0,44746.0,42466.0,44622.0,1638403414.9339
2021-08-08,44622.0,45359.0,43287.0,43823.0,1269313346.029
2021-08-09,43823.0,46494.0,42791.0,46273.0,1279250786.5281
2021-08-10,46273.0,46755.0,44655.0,45591.0,1096320727.2931
2021-08-11,45591.0,46778.0,45351.0,45546.0,1033162374.0847
2021-08-12,45537.0,46236.0,43800.0,44417.0,502284407.2134
2021-08-13,44417.0,47944.0,44240.0,47850.0,352969092.8182
2021-08-14,47851.0,48211.0,46035.0,47114.0,278278624.774
2021-08-15,47114.0,47411.0,45500.0,47012.0,313598631.4541
2021-08-16,47012.0,48080.0,45675.0,45917.0,359477347.4681
2021-08-17,45917.0,47187.0,44392.0,44683.0,494450853.7141
2021-08-18,44683.0,46035.0,44223.0,44717.0,427452061.5991
2021-08-19,44717.0,47107.0,43933.0,46767.0,494966924.0078
2021-08-20,46767.0,49418.0,46642.0,49366.0,533424510.9605
2021-08-21,49366.0,49842.0,48277.0,48858.0,371477435.7907
2021-08-22,48858.0,49548.0,48072.0,49281.0,315117409.9423
2021-08-23,49281.0,50549.0,49028.0,49499.0,623797895.8151
2021-08-24,49499.0,49876.0,47551.0,47677.0,494232269.1541
2021-08-25,47677.0,49250.0,47124.0,48996.0,441850199.5722
2021-08-26,48996.0,49367.0,46304.0,46847.0,588430509.4393
2021-08-27,46847.0,49182.0,46334.0,49089.0,493007305.627
2021-08-28,49090.0,49330.0,48371.0,48937.0,261898834.5234
2021-08-29,48937.0,49680.0,47729.0,48794.0,336903007.098
2021-08-30,48794.0,48905.0,46863.0,46984.0,389898020.75
2021-08-31,46983.0,48269.0,46695.0,47122.0,384142559.972
2021-09-01,47121.0,49131.0,46521.0,48846.0,484495675.8104
2021-09-02,48846.0,50407.0,48623.0,49273.0,602599224.7076
2021-09-03,49273.0,51083.0,48340.0,50024.0,781215394.6365
2021-09-04,50025.0,50564.0,49387.0,49936.0,360255343.9789
2021-09-05,49936.0,51928.0,49463.0,51807.0,435352720.4655
2021-09-06,51807.0,52811.0,51044.0,52701.0,460544558.7533
2021-09-07,52701.0,52961.0,42923.0,46871.0,1046636821.1679
2021-09-08,46871.0,47361.0,44381.0,46059.0,724994634.5706
2021-09-09,46059.0,47404.0,45513.0,46392.0,530824376.2253
2021-09-10,46392.0,47039.0,44116.0,44859.0,430046662.2327
2021-09-11,44855.0,45994.0,44722.0,45170.0,247123044.3498
2021-09-12,45175.0,46489.0,44741.0,46024.0,259735978.626
2021-09-13,46027.0,46918.0,43378.0,44965.0,606874827.1733
2021-09-14,44965.0,47272.0,44699.0,47145.0,412890179.8465
2021-09-15,47137.0,48461.0,46700.0,48143.0,478883954.7653
2021-09-16,48143.0,48521.0,47042.0,47758.0,397445665.3359
2021-09-17,47758.0,48171.0,46752.0,47300.0,412444589.2189
2021-09-18,47304.0,48825.0,47042.0,48308.0,293139813.0416
2021-09-19,48308.0,48380.0,46833.0,47253.0,273724983.8499
2021-09-20,47253.0,47345.0,42502.0,43010.0,1052052213.5957
2021-09-21,43006.0,43643.0,39710.0,40721.0,1143649123.9611
2021-09-22,40721.0,44040.0,40567.0,43571.0,653815035.0843
2021-09-23,43571.0,45000.0,43091.0,44891.0,560182033.2854
2021-09-24,44891.0,45186.0,40711.0,42839.0,1011945998.6249
2021-09-25,42839.0,42995.0,41663.0,42702.0,314802238.6184
2021-09-26,42702.0,43956.0,40784.0,43184.0,440345418.775
2021-09-27,43184.0,44387.0,42097.0,42154.0,465062187.3055
2021-09-28,42153.0,42777.0,40878.0,41020.0,445810390.1859
2021-09-29,41019.0,42601.0,40751.0,41521.0,406124177.1876
2021-09-30,41521.0,44136.0,41411.0,43830.0,430073176.4762
2021-10-01,43830.0,48498.0,43286.0,48168.0,747503235.7802
2021-10-02,48168.0,48367.0,47459.0,47668.0,445779071.9635
2021-10-03,47668.0,49261.0,47108.0,48232.0,387698374.4349
2021-10-04,48232.0,49537.0,46918.0,49239.0,681787327.4888
2021-10-05,49239.0,51920.0,49053.0,51495.0,644285849.4093
2021-10-06,51496.0,55781.0,50415.0,55341.0,1124666259.6906
2021-10-07,55341.0,55352.0,53395.0,53815.0,804679744.4462
2021-10-08,53815.0,56131.0,53651.0,53962.0,553047307.9534
2021-10-09,53962.0,55500.0,53682.0,54963.0,338059154.7439
2021-10-10,54963.0,56530.0,54102.0,54688.0,525941668.7634
2021-10-11,54684.0,57850.0,54455.0,57492.0,696069033.4263
2021-10-12,57492.0,57684.0,53900.0,56004.0,793667509.6482
2021-10-13,56004.0,57790.0,54233.0,57382.0,847998396.5971
2021-10-14,57382.0,58549.0,56709.0,57360.0,637233072.5744
2021-10-15,57360.0,62891.0,56869.0,61700.0,1063835475.8518
2021-10-16,61700.0,62359.0,60109.0,60878.0,493815470.9385
2021-10-17,60878.0,61727.0,58974.0,61533.0,498693355.4591
2021-10-18,61533.0,62703.0,59882.0,62026.0,777505564.1903
2021-10-19,62026.0,64511.0,61210.0,64312.0,754596256.9288
2021-10-20,64312.0,67082.0,63503.0,66022.0,767550223.725
2021-10-21,66022.0,66660.0,58555.0,62212.0,1124559820.292
2021-10-22,62212.0,63760.0,60000.0,60680.0,695236178.5994
2021-10-23,60680.0,61733.0,59592.0,61292.0,319789194.5901
2021-10-24,61292.0,61486.0,59481.0,60858.0,404761232.3236
2021-10-25,60858.0,63733.0,60648.0,63086.0,487997098.2526
2021-10-26,63086.0,63294.0,59811.0,60312.0,519769626.7019
2021-10-27,60318.0,61500.0,58000.0,58449.0,953205719.3046
2021-10-28,58449.0,62567.0,57556.0,60613.0,926555591.1235
2021-10-29,60613.0,62994.0,60171.0,62256.0,759118341.2095
2021-10-30,62256.0,62381.0,60690.0,61897.0,320640962.3143
2021-10-31,61897.0,62431.0,60000.0,61339.0,419762065.5868
2021-11-01,61339.0,62500.0,59345.0,60936.0,631423572.8973
2021-11-02,60936.0,64303.0,60634.0,63278.0,638850972.7042
2021-11-03,63278.0,63574.0,60250.0,62932.0,679692076.9038
2021-11-04,62932.0,63121.0,60730.0,61437.0,562181178.0535
2021-11-05,61437.0,62647.0,60780.0,61021.0,404617805.2698
2021-11-06,61021.0,61606.0,60111.0,61529.0,306044204.5454
2021-11-07,61529.0,63350.0,61391.0,63337.0,291118770.5847
2021-11-08,63337.0,67887.0,63337.0,67583.0,705296446.4437
2021-11-09,67583.0,68672.0,66211.0,66965.0,610136811.6091
2021-11-10,66967.0,69081.0,62782.0,64915.0,946003114.0789
2021-11-11,64899.0,65610.0,64128.0,64804.0,547259873.6162
2021-11-12,64801.0,65471.0,62298.0,64137.0,628437378.556
2021-11-13,64137.0,64994.0,63381.0,64390.0,397278848.5099
2021-11-14,64390.0,65541.0,63582.0,65527.0,490609660.1495
2021-11-15,65527.0,66381.0,63363.0,63616.0,629256324.5935
2021-11-16,63615.0,63616.0,58500.0,60096.0,1360529779.6095
2021-11-17,60096.0,60848.0,58250.0,60368.0,669069975.6597
2021-11-18,60368.0,60979.0,56498.0,56911.0,1008116951.6938
2021-11-19,56911.0,58367.0,55623.0,58117.0,746537819.9461
2021-11-20,58117.0,59887.0,57421.0,59744.0,402346962.626
2021-11-21,59744.0,60067.0,58545.0,58671.0,391240002.8957
2021-11-22,58671.0,59588.0,55629.0,56271.0,893024202.9763
2021-11-23,56271.0,57884.0,55285.0,57558.0,861668795.4159
2021-11-24,57558.0,57763.0,55896.0,57152.0,651769646.7449
2021-11-25,57152.0,59444.0,57000.0,58982.0,564455884.0
2021-11-26,58985.0,59198.0,53500.0,53747.0,1181665155.7186
2021-11-27,53755.0,55311.0,53635.0,54754.0,438833327.3874
2021-11-28,54754.0,57500.0,53258.0,57342.0,483680203.2438
2021-11-29,57342.0,58924.0,56721.0,57831.0,661229893.9801
2021-11-30,57831.0,59252.0,55900.0,56986.0,1174461166.6751
2021-12-01,56986.0,59112.0,56485.0,57221.0,713415915.4411
2021-12-02,57221.0,57428.0,55800.0,56519.0,752535730.3307
2021-12-03,56519.0,57681.0,51593.0,53643.0,928671841.5995
2021-12-04,53643.0,53885.0,41800.0,49243.0,1763940243.9654
2021-12-05,49243.0,49754.0,47787.0,49456.0,950445215.6587
2021-12-06,49456.0,50944.0,46948.0,50519.0,972329507.18
2021-12-07,50519.0,51989.0,50061.0,50638.0,713518055.3565
2021-12-08,50638.0,51295.0,48647.0,50526.0,561054840.838
2021-12-09,50526.0,50851.0,47334.0,47568.0,564211800.3424
2021-12-10,47568.0,50100.0,46900.0,47171.0,679985565.0611
2021-12-11,47171.0,49529.0,46782.0,49413.0,397408445.649
2021-12-12,49413.0,50816.0,48666.0,50095.0,495687933.1561
2021-12-13,50095.0,50219.0,45610.0,46718.0,671555368.9377
2021-12-14,46718.0,48706.0,46292.0,48375.0,537239013.141
2021-12-15,48374.0,49527.0,46551.0,48886.0,687799200.8382
2021-12-16,48895.0,49465.0,47524.0,47636.0,448648164.2691
2021-12-17,47636.0,48007.0,45434.0,46156.0,586737951.7249
2021-12-18,46157.0,47371.0,45520.0,46855.0,317527541.2731
2021-12-19,46855.0,48367.0,46441.0,46683.0,376248907.2884
2021-12-20,46683.0,47576.0,45569.0,46921.0,464550608.4286
2021-12-21,46921.0,49333.0,46658.0,48918.0,486512468.6523
2021-12-22,48918.0,49597.0,48447.0,48614.0,365308154.8564
2021-12-23,48614.0,51397.0,48034.0,50848.0,517965207.6496
2021-12-24,50848.0,51855.0,50430.0,50849.0,423954403.1842
2021-12-25,50850.0,51214.0,50158.0,50432.0,266048085.2406
2021-12-26,50432.0,51314.0,49460.0,50792.0,324272922.0468
2021-12-27,50799.0,52129.0,50473.0,50721.0,431103397.2451
2021-12-28,50721.0,50721.0,47310.0,47550.0,563175020.0047
2021-12-29,47550.0,48146.0,46089.0,46458.0,560378824.3939
2021-12-30,46458.0,47934.0,45922.0,47126.0,446086603.6727
2021-12-31,47126.0,48580.0,45650.0,46199.0,539404146.1723
2022-01-01,46199.0,47975.0,46199.0,47740.0,288187132.2408
2022-01-02,47740.0,48004.0,46648.0,47302.0,256969664.4121
2022-01-03,47301.0,48255.0,45696.0,46451.0,373136605.7544
2022-01-04,46451.0,47543.0,45511.0,45822.0,409750434.0605
2022-01-05,45822.0,47107.0,42426.0,43435.0,686591269.0201
2022-01-06,43444.0,43782.0,42417.0,43085.0,486268032.1011
2022-01-07,43085.0,43137.0,40600.0,41567.0,808958349.4737
2022-01-08,41567.0,42318.0,40519.0,41682.0,435662577.8464
2022-01-09,41682.0,42793.0,41158.0,41869.0,307354337.7341
2022-01-10,41869.0,42245.0,39645.0,41824.0,697984330.8085
2022-01-11,41824.0,43125.0,41276.0,42739.0,550144348.2089
2022-01-12,42738.0,44333.0,42464.0,43912.0,551069013.2865
2022-01-13,43912.0,44438.0,42329.0,42572.0,452866173.0932
2022-01-14,42572.0,43478.0,41765.0,43089.0,396848955.027
2022-01-15,43089.0,43816.0,42579.0,43099.0,216268718.8763
2022-01-16,43099.0,43492.0,42600.0,43095.0,184744538.5302
2022-01-17,43095.0,43203.0,41564.0,42216.0,268461889.5987
2022-01-18,42216.0,42722.0,41289.0,42362.0,348603209.2504
2022-01-19,42362.0,42579.0,41148.0,41667.0,433345429.8473
2022-01-20,41667.0,43511.0,40546.0,40664.0,464899559.6292
2022-01-21,40664.0,41107.0,35400.0,36444.0,1181191362.3432
2022-01-22,36444.0,36832.0,34017.0,35077.0,1202446999.7303
2022-01-23,35077.0,36532.0,34612.0,36268.0,452971631.1769
2022-01-24,36268.0,37568.0,32915.0,36684.0,1261488095.8586
2022-01-25,36684.0,37590.0,35713.0,36974.0,706834648.2185
2022-01-26,36971.0,38924.0,36270.0,36835.0,999321665.2066
2022-01-27,36835.0,37253.0,34350.0,37181.0,539763250.5883
2022-01-28,37181.0,38025.0,36172.0,37730.0,439286242.6218
2022-01-29,37730.0,38799.0,37293.0,38190.0,299638281.9207
2022-01-30,38190.0,38400.0,37362.0,37909.0,201767133.1066
2022-01-31,37909.0,38768.0,36650.0,38487.0,506675535.9728
2022-02-01,38487.0,39305.0,38003.0,38719.0,408127902.02
2022-02-02,38719.0,38889.0,36600.0,36919.0,477673011.9098
2022-02-03,36919.0,37398.0,36256.0,37333.0,335759429.5433
2022-02-04,37333.0,41760.0,37053.0,41600.0,670867015.7314
2022-02-05,41600.0,41956.0,40959.0,41408.0,364372455.2169
2022-02-06,41408.0,42716.0,41133.0,42409.0,291812313.9909
2022-02-07,42409.0,44548.0,41666.0,43871.0,673366214.5386
2022-02-08,43871.0,45541.0,42681.0,44081.0,776445251.3218
2022-02-09,44081.0,44850.0,43124.0,44415.0,512262316.0982
2022-02-10,44415.0,45880.0,43214.0,43523.0,760214291.7177
2022-02-11,43523.0,43999.0,41966.0,42399.0,489745590.0661
2022-02-12,42399.0,43041.0,41744.0,42245.0,269997567.2371
2022-02-13,42245.0,42790.0,41892.0,42077.0,230841796.4891
2022-02-14,42077.0,42881.0,41573.0,42553.0,394191352.0255
2022-02-15,42553.0,44800.0,42439.0,44576.0,450297706.9337
2022-02-16,44576.0,44579.0,43311.0,43900.0,417828070.2844
2022-02-17,43900.0,44188.0,40089.0,40540.0,643143910.3986
2022-02-18,40540.0,40997.0,39436.0,40002.0,525079532.8445
2022-02-19,40002.0,40521.0,39649.0,40104.0,245368115.6843
2022-02-20,40104.0,40140.0,38000.0,38392.0,416457363.756
2022-02-21,38392.0,39504.0,36814.0,37031.0,736322894.9571
2022-02-22,37031.0,38466.0,36363.0,38252.0,597475876.7646
2022-02-23,38252.0,39271.0,37054.0,37269.0,437060801.9909
2022-02-24,37269.0,39855.0,34334.0,38343.0,1309994331.7251
2022-02-25,38343.0,39706.0,37986.0,39239.0,540419204.368
2022-02-26,39239.0,40300.0,38598.0,39136.0,286859847.5171
2022-02-27,39136.0,39871.0,36997.0,37710.0,471372921.7993
2022-02-28,37710.0,44223.0,37458.0,43188.0,830751662.7133
2022-03-01,43182.0,44997.0,42822.0,44452.0,769549166.6329
2022-03-02,44452.0,45366.0,43321.0,43924.0,712104772.808
2022-03-03,43924.0,44103.0,41825.0,42462.0,535572813.6549
2022-03-04,42462.0,42542.0,38571.0,39155.0,679636917.4252
2022-03-05,39155.0,39612.0,38575.0,39400.0,308098616.4351
2022-03-06,39400.0,39697.0,38100.0,38418.0,383707473.4658
2022-03-07,38418.0,39546.0,37154.0,37986.0,571503403.6165
2022-03-08,37986.0,39389.0,37869.0,38742.0,515534788.2948
2022-03-09,38742.0,42627.0,38654.0,41952.0,803975064.1755
2022-03-10,41952.0,42053.0,38523.0,39432.0,762484895.4362
2022-03-11,39432.0,40250.0,38243.0,38733.0,481108940.217
2022-03-12,38733.0,39494.0,38663.0,38804.0,169209434.3709
2022-03-13,38804.0,39322.0,37580.0,37782.0,279194111.9677
2022-03-14,37782.0,39932.0,37564.0,39681.0,507820540.148
2022-03-15,39681.0,39909.0,38119.0,39291.0,456629451.5694
2022-03-16,39291.0,41730.0,38764.0,41131.0,916065006.7625
2022-03-17,41131.0,41493.0,40500.0,40939.0,377193814.7625
2022-03-18,40939.0,42370.0,40148.0,41780.0,452607145.3011
2022-03-19,41780.0,42418.0,41524.0,42328.0,191125910.7332
